sku,category,reviews_count,,sku,category,average_rating,,,
FJ5089,Clothing,35,,FJ5089,Clothing,4.5,,,
BC0770,Shoes,4,,BC0770,Shoes,4.8,,,
GC7946,Clothing,42,,GC7946,Clothing,4.9,,,
FV4744,Shoes,7,,FV4744,Shoes,3.7,,,
GM0239,Clothing,11,,GM0239,Clothing,4.7,,,
FX7449,Shoes,30,,FX7449,Shoes,4.9,,,
GM5505,Clothing,17,,GM5505,Clothing,4.5,,,
GP4975,Clothing,16,,GP4975,Clothing,4.5,,,
FS3923,Clothing,35,,FS3923,Clothing,4.5,,,
GP4967,Clothing,66,,GP4967,Clothing,4.8,,,
GL1127,Clothing,26,,GL1127,Clothing,4.4,,,
B93219,Accessories,5,,B93219,Accessories,4,,,Row Labels
EH8629,Clothing,2,,EH8629,Clothing,5,,,Accessories
CJ5831,Accessories,21,,CJ5831,Accessories,4.8,,,4
GM7499,Accessories,19,,GM7499,Accessories,5,,,4.5
H07758,Clothing,116,,H07758,Clothing,4.8,,,4.6
H07757,Clothing,116,,H07757,Clothing,4.8,,,4.7
FV3143,Shoes,46,,FV3143,Shoes,4.8,,,4.8
H07756,Clothing,116,,H07756,Clothing,4.8,,,4.9
GN9137,Clothing,144,,GN9137,Clothing,4.2,,,5
FZ1757,Shoes,160,,FZ1757,Shoes,4.4,,,Clothing
GY5110,Shoes,63,,GY5110,Shoes,4.5,,,1
GZ8209,Shoes,135,,GZ8209,Shoes,4.6,,,3
FZ2853,Shoes,327,,FZ2853,Shoes,4.6,,,3.7
GL0567,Clothing,116,,GL0567,Clothing,4.8,,,3.9
GK3487,Accessories,10,,GK3487,Accessories,5,,,4
H42010,Clothing,49,,H42010,Clothing,4.7,,,4.1
FW6528,Shoes,106,,FW6528,Shoes,4.3,,,4.2
GS4153,Clothing,7,,GS4153,Clothing,4.4,,,4.3
H07840,Clothing,21,,H07840,Clothing,5,,,4.4
H14698,Clothing,7,,H14698,Clothing,4.4,,,4.5
H39753,Clothing,78,,H39753,Clothing,4.6,,,4.6
GX5152,Shoes,204,,GX5152,Shoes,4.5,,,4.7
H04458,Shoes,9,,H04458,Shoes,5,,,4.8
H48444,Clothing,14,,H48444,Clothing,4.7,,,4.9
HG6676,Clothing,2,,HG6676,Clothing,4,,,5
HG6677,Clothing,2,,HG6677,Clothing,4,,,Shoes
GU3945,Clothing,20,,GU3945,Clothing,4.8,,,3.7
H30296,Clothing,104,,H30296,Clothing,4.7,,,3.8
GK9081,Clothing,88,,GK9081,Clothing,4.9,,,3.9
GY5019,Shoes,120,,GY5019,Shoes,4.2,,,4
GM5537,Clothing,54,,GM5537,Clothing,4.8,,,4.1
GS1343,Clothing,6,,GS1343,Clothing,4,,,4.2
GV7380,Shoes,2540,,GV7380,Shoes,4.7,,,4.3
GZ8211,Shoes,135,,GZ8211,Shoes,4.6,,,4.4
H07839,Clothing,21,,H07839,Clothing,5,,,4.5
GZ7823,Shoes,58,,GZ7823,Shoes,4.7,,,4.6
H00652,Shoes,78,,H00652,Shoes,4.8,,,4.7
H29175,Clothing,8,,H29175,Clothing,4.8,,,4.8
GZ9087,Shoes,183,,GZ9087,Shoes,4.7,,,4.9
HG6687,Clothing,1,,HG6687,Clothing,5,,,5
H20302,Clothing,8,,H20302,Clothing,5,,,(blank)
GV2043,Clothing,2,,GV2043,Clothing,4,,,(blank)
GS1355,Clothing,16,,GS1355,Clothing,4.3,,,Grand Total
GS3913,Clothing,19,,GS3913,Clothing,4.9,,,
H10244,Clothing,16,,H10244,Clothing,4.3,,,
GZ7826,Shoes,58,,GZ7826,Shoes,4.7,,,
EX6581,Accessories,6,,EX6581,Accessories,4.8,,,
H07368,Clothing,14,,H07368,Clothing,4.6,,,
GU0680,Clothing,57,,GU0680,Clothing,4.6,,,
GY3494,Shoes,183,,GY3494,Shoes,4.7,,,
GZ7730,Shoes,26,,GZ7730,Shoes,4.3,,,
H00647,Shoes,78,,H00647,Shoes,4.8,,,
H68075,Shoes,146,,H68075,Shoes,4.6,,,
GV7386,Shoes,377,,GV7386,Shoes,4.6,,,
H02584,Shoes,59,,H02584,Shoes,4.8,,,
H68719,Shoes,515,,H68719,Shoes,3.9,,,
G58922,Shoes,37,,G58922,Shoes,4.6,,,
H00586,Shoes,808,,H00586,Shoes,4.5,,,
GZ7824,Shoes,58,,GZ7824,Shoes,4.7,,,
GZ7825,Shoes,58,,GZ7825,Shoes,4.7,,,
H02939,Shoes,77,,H02939,Shoes,4.2,,,
H00430,Shoes,1,,H00430,Shoes,5,,,
FX6515,Shoes,515,,FX6515,Shoes,3.9,,,
H00428,Shoes,1,,H00428,Shoes,5,,,
H02937,Shoes,77,,H02937,Shoes,4.2,,,
H02936,Shoes,77,,H02936,Shoes,4.2,,,
H02554,Shoes,838,,H02554,Shoes,4.7,,,
GK5265,Clothing,349,,GK5265,Clothing,4.8,,,
GZ9173,Shoes,77,,GZ9173,Shoes,4.2,,,
H04498,Shoes,350,,H04498,Shoes,4.2,,,
S23688,Shoes,8,,S23688,Shoes,4.3,,,
H31065,Clothing,349,,H31065,Clothing,4.8,,,
H02975,Shoes,350,,H02975,Shoes,4.2,,,
H06648,Clothing,344,,H06648,Clothing,4.6,,,
GH7532,Accessories,62,,GH7532,Accessories,4.6,,,
GM0307,Clothing,387,,GM0307,Clothing,4.8,,,
H06672,Clothing,214,,H06672,Clothing,4.8,,,
H13911,Clothing,293,,H13911,Clothing,4.7,,,
GL0880,Accessories,14,,GL0880,Accessories,4.8,,,
H07890,Clothing,91,,H07890,Clothing,4.4,,,
GU6982,Accessories,273,,GU6982,Accessories,4.9,,,
GI7670,Accessories,273,,GI7670,Accessories,4.9,,,
GK3479,Accessories,60,,GK3479,Accessories,4.8,,,
GN3533,Clothing,88,,GN3533,Clothing,4.7,,,
GM3494,Clothing,47,,GM3494,Clothing,4.7,,,
H10149,Clothing,37,,H10149,Clothing,4.9,,,
H29918,Clothing,3,,H29918,Clothing,4.3,,,
GX2893,Shoes,1918,,GX2893,Shoes,4.7,,,
GX2894,Shoes,1918,,GX2894,Shoes,4.7,,,
GS8797,Clothing,40,,GS8797,Clothing,4.6,,,
GT0140,Clothing,134,,GT0140,Clothing,3.9,,,
GV9740,Shoes,3812,,GV9740,Shoes,4.7,,,
GV9738,Shoes,3812,,GV9738,Shoes,4.7,,,
H12197,Clothing,66,,H12197,Clothing,4.7,,,
GZ2915,Shoes,3812,,GZ2915,Shoes,4.7,,,
H39799,Clothing,44,,H39799,Clothing,4.7,,,
GL0649,Clothing,35,,GL0649,Clothing,4.7,,,
GQ1095,Clothing,201,,GQ1095,Clothing,4.7,,,
GL3961,Clothing,134,,GL3961,Clothing,3.9,,,
H39784,Clothing,67,,H39784,Clothing,4.6,,,
GN8269,Clothing,236,,GN8269,Clothing,4.5,,,
H40972,Clothing,6,,H40972,Clothing,5,,,
GU0325,Clothing,201,,GU0325,Clothing,4.7,,,
H39751,Clothing,78,,H39751,Clothing,4.6,,,
HA7682,Clothing,78,,HA7682,Clothing,4.6,,,
H39778,Clothing,66,,H39778,Clothing,4.8,,,
H33318,Clothing,51,,H33318,Clothing,4.8,,,
H39752,Clothing,78,,H39752,Clothing,4.6,,,
H39796,Clothing,44,,H39796,Clothing,4.7,,,
GR4086,Clothing,66,,GR4086,Clothing,4.8,,,
H33317,Clothing,51,,H33317,Clothing,4.8,,,
GZ2916,Shoes,3812,,GZ2916,Shoes,4.7,,,
H39779,Clothing,54,,H39779,Clothing,4.7,,,
GR4097,Clothing,30,,GR4097,Clothing,4.9,,,
H39793,Clothing,67,,H39793,Clothing,4.6,,,
GU0324,Clothing,201,,GU0324,Clothing,4.7,,,
GR4106,Clothing,67,,GR4106,Clothing,4.6,,,
GV9739,Shoes,3812,,GV9739,Shoes,4.7,,,
GZ2914,Shoes,3812,,GZ2914,Shoes,4.7,,,
H39790,Clothing,30,,H39790,Clothing,4.9,,,
H39749,Clothing,78,,H39749,Clothing,4.6,,,
H06605,Shoes,29,,H06605,Shoes,4.8,,,
GU8969,Clothing,67,,GU8969,Clothing,4.6,,,
H39781,Clothing,66,,H39781,Clothing,4.8,,,
H02815,Shoes,385,,H02815,Shoes,4.5,,,
H04641,Shoes,44,,H04641,Shoes,4.4,,,
GZ8185,Shoes,377,,GZ8185,Shoes,4.6,,,
GZ8184,Shoes,377,,GZ8184,Shoes,4.6,,,
FX6530,Shoes,80,,FX6530,Shoes,4.8,,,
H04756,Shoes,594,,H04756,Shoes,4.4,,,
H04642,Shoes,44,,H04642,Shoes,4.4,,,
H00948,Shoes,594,,H00948,Shoes,4.4,,,
Q46111,Shoes,44,,Q46111,Shoes,4.4,,,
H00945,Shoes,594,,H00945,Shoes,4.4,,,
GY5100,Shoes,77,,GY5100,Shoes,4.2,,,
H00465,Shoes,72,,H00465,Shoes,4.5,,,
GX3667,Shoes,344,,GX3667,Shoes,4.7,,,
H00569,Shoes,207,,H00569,Shoes,4.4,,,
GV7307,Shoes,594,,GV7307,Shoes,4.4,,,
GV7757,Shoes,207,,GV7757,Shoes,4.4,,,
GX3631,Shoes,344,,GX3631,Shoes,4.7,,,
GY5099,Shoes,77,,GY5099,Shoes,4.2,,,
H00141,Shoes,207,,H00141,Shoes,4.4,,,
GW7536,Shoes,207,,GW7536,Shoes,4.4,,,
FX5923,Shoes,207,,FX5923,Shoes,4.4,,,
H04248,Shoes,344,,H04248,Shoes,4.7,,,
GZ7745,Shoes,183,,GZ7745,Shoes,4.7,,,
GZ7734,Shoes,183,,GZ7734,Shoes,4.7,,,
HA3053,Clothing,27,,HA3053,Clothing,4.3,,,
GY8283,Shoes,183,,GY8283,Shoes,4.7,,,
S97358,Clothing,53,,S97358,Clothing,4.8,,,
HE9397,Clothing,25,,HE9397,Clothing,4.7,,,
GX8386,Shoes,55,,GX8386,Shoes,4.3,,,
HF4154,Clothing,25,,HF4154,Clothing,4.7,,,
H00142,Shoes,207,,H00142,Shoes,4.4,,,
GX8387,Shoes,55,,GX8387,Shoes,4.3,,,
GZ7733,Shoes,183,,GZ7733,Shoes,4.7,,,
H45371,Clothing,32,,H45371,Clothing,4.2,,,
H47892,Clothing,8,,H47892,Clothing,4.6,,,
HA5836,Clothing,19,,HA5836,Clothing,4.9,,,
H00541,Shoes,152,,H00541,Shoes,4.4,,,
HA3052,Clothing,27,,HA3052,Clothing,4.3,,,
GW8086,Shoes,152,,GW8086,Shoes,4.4,,,
H45369,Clothing,32,,H45369,Clothing,4.2,,,
H44967,Clothing,5,,H44967,Clothing,4.6,,,
H00538,Shoes,152,,H00538,Shoes,4.4,,,
HA2442,Clothing,42,,HA2442,Clothing,4.8,,,
HA3054,Clothing,27,,HA3054,Clothing,4.3,,,
H32387,Accessories,76,,H32387,Accessories,4.7,,,
GN4894,Accessories,76,,GN4894,Accessories,4.7,,,
GS3917,Clothing,29,,GS3917,Clothing,4.5,,,
H00474,Shoes,608,,H00474,Shoes,4.6,,,
H20475,Clothing,47,,H20475,Clothing,4.8,,,
GU0890,Accessories,1,,GU0890,Accessories,5,,,
H20233,Clothing,5,,H20233,Clothing,4.2,,,
H28797,Clothing,89,,H28797,Clothing,4.8,,,
GZ2668,Shoes,580,,GZ2668,Shoes,4.8,,,
FY2858,Shoes,275,,FY2858,Shoes,4.5,,,
FY0623,Shoes,214,,FY0623,Shoes,4.5,,,
H37831,Clothing,14,,H37831,Clothing,4.6,,,
H09044,Accessories,29,,H09044,Accessories,4.6,,,
GR9652,Clothing,20,,GR9652,Clothing,3.7,,,
H13478,Clothing,35,,H13478,Clothing,4.9,,,
H26649,Clothing,6,,H26649,Clothing,5,,,
Q46321,Shoes,454,,Q46321,Shoes,4.4,,,
FY1039,Shoes,117,,FY1039,Shoes,4.7,,,
Q46322,Shoes,454,,Q46322,Shoes,4.4,,,
S42716,Shoes,275,,S42716,Shoes,4.5,,,
GW4842,Shoes,454,,GW4842,Shoes,4.4,,,
GW4843,Shoes,454,,GW4843,Shoes,4.4,,,
FX5938,Shoes,59,,FX5938,Shoes,4.8,,,
S23979,Shoes,18,,S23979,Shoes,4.8,,,
FZ2929,Shoes,241,,FZ2929,Shoes,4.6,,,
S23667,Shoes,21,,S23667,Shoes,4.5,,,
FY5680,Shoes,454,,FY5680,Shoes,4.4,,,
H00515,Shoes,146,,H00515,Shoes,4.6,,,
H00521,Shoes,146,,H00521,Shoes,4.6,,,
H00519,Shoes,146,,H00519,Shoes,4.6,,,
GY0127,Shoes,21,,GY0127,Shoes,4.5,,,
HD9084,Clothing,15,,HD9084,Clothing,4.9,,,
FX6655,Shoes,275,,FX6655,Shoes,4.5,,,
GZ5355,Shoes,762,,GZ5355,Shoes,4.5,,,
H00512,Shoes,146,,H00512,Shoes,4.6,,,
H01399,Shoes,83,,H01399,Shoes,4.8,,,
GW4852,Shoes,31,,GW4852,Shoes,4.8,,,
FX6658,Shoes,275,,FX6658,Shoes,4.5,,,
H02124,Shoes,83,,H02124,Shoes,4.8,,,
H00511,Shoes,146,,H00511,Shoes,4.6,,,
FZ2267,Shoes,60,,FZ2267,Shoes,3.9,,,
S42717,Shoes,275,,S42717,Shoes,4.5,,,
H02110,Shoes,83,,H02110,Shoes,4.8,,,
GT0135,Clothing,20,,GT0135,Clothing,3.7,,,
FZ2268,Shoes,60,,FZ2268,Shoes,3.9,,,
H02119,Shoes,83,,H02119,Shoes,4.8,,,
H02111,Shoes,83,,H02111,Shoes,4.8,,,
H15775,Clothing,5,,H15775,Clothing,4.2,,,
H20236,Clothing,5,,H20236,Clothing,4.2,,,
GT0186,Clothing,41,,GT0186,Clothing,4.7,,,
H25298,Clothing,154,,H25298,Clothing,4.9,,,
GN3064,Accessories,132,,GN3064,Accessories,4.7,,,
H33570,Clothing,239,,H33570,Clothing,4.8,,,
H00429,Shoes,1,,H00429,Shoes,5,,,
EX6532,Accessories,51,,EX6532,Accessories,5,,,
GN3430,Clothing,33,,GN3430,Clothing,4.2,,,
H17991,Accessories,7,,H17991,Accessories,4.6,,,
GV9695,Shoes,7291,,GV9695,Shoes,4.7,,,
EX6530,Accessories,51,,EX6530,Accessories,5,,,
FY8836,Shoes,84,,FY8836,Shoes,4.8,,,
H22615,Clothing,16,,H22615,Clothing,4.8,,,
H04549,Shoes,838,,H04549,Shoes,4.7,,,
H39787,Clothing,67,,H39787,Clothing,4.6,,,
EY1191,Accessories,12,,EY1191,Accessories,4.8,,,
FZ1700,Shoes,7291,,FZ1700,Shoes,4.7,,,
GZ7040,Shoes,1891,,GZ7040,Shoes,4.7,,,
GZ1013,Shoes,5815,,GZ1013,Shoes,4.5,,,
EY1181,Accessories,12,,EY1181,Accessories,4.8,,,
GV9714,Shoes,7291,,GV9714,Shoes,4.7,,,
GV7149,Shoes,838,,GV7149,Shoes,4.7,,,
GZ1008,Shoes,5815,,GZ1008,Shoes,4.5,,,
GR4111,Clothing,78,,GR4111,Clothing,4.6,,,
GV9713,Shoes,7291,,GV9713,Shoes,4.7,,,
GX1024,Shoes,1891,,GX1024,Shoes,4.7,,,
GZ2792,Shoes,619,,GZ2792,Shoes,4.6,,,
GZ7039,Shoes,1891,,GZ7039,Shoes,4.7,,,
GU1737,Accessories,28,,GU1737,Accessories,4.9,,,
GU0074,Accessories,5,,GU0074,Accessories,4.8,,,
FY4553,Shoes,449,,FY4553,Shoes,4.5,,,
GU3145,Accessories,3,,GU3145,Accessories,5,,,
EF0211,Shoes,545,,EF0211,Shoes,4.8,,,
GU0870,Accessories,28,,GU0870,Accessories,4.9,,,
H04260,Shoes,332,,H04260,Shoes,4.8,,,
H05006,Shoes,449,,H05006,Shoes,4.5,,,
GZ8656,Shoes,1050,,GZ8656,Shoes,4.6,,,
H04259,Shoes,332,,H04259,Shoes,4.8,,,
FY8103,Shoes,2274,,FY8103,Shoes,4.6,,,
GZ7610,Shoes,463,,GZ7610,Shoes,4.8,,,
FY8107,Shoes,2274,,FY8107,Shoes,4.6,,,
FY8875,Shoes,545,,FY8875,Shoes,4.8,,,
H01063,Shoes,234,,H01063,Shoes,4.8,,,
GY4944,Shoes,491,,GY4944,Shoes,4.6,,,
EF1730,Shoes,5499,,EF1730,Shoes,4.5,,,
FY8106,Shoes,2274,,FY8106,Shoes,4.6,,,
H05007,Shoes,449,,H05007,Shoes,4.5,,,
FY4551,Shoes,449,,FY4551,Shoes,4.5,,,
G54899,Shoes,491,,G54899,Shoes,4.6,,,
FZ1720,Shoes,491,,FZ1720,Shoes,4.6,,,
H29905,Clothing,45,,H29905,Clothing,4.7,,,
FY8656,Shoes,245,,FY8656,Shoes,4.5,,,
EX6854,Accessories,76,,EX6854,Accessories,4.9,,,
EX6896,Accessories,154,,EX6896,Accessories,4.8,,,
FX6822,Shoes,1047,,FX6822,Shoes,4.5,,,
H33588,Clothing,671,,H33588,Clothing,4.8,,,
EW9826,Accessories,68,,EW9826,Accessories,4.8,,,
EW9820,Accessories,68,,EW9820,Accessories,4.8,,,
GZ5313,Shoes,1365,,GZ5313,Shoes,4.6,,,
H33587,Clothing,671,,H33587,Clothing,4.8,,,
FY2861,Shoes,1047,,FY2861,Shoes,4.5,,,
S42723,Shoes,1047,,S42723,Shoes,4.5,,,
EX4452,Clothing,165,,EX4452,Clothing,4.9,,,
EX6752,Accessories,59,,EX6752,Accessories,4.8,,,
FX6810,Shoes,1030,,FX6810,Shoes,4.5,,,
S42548,Shoes,1030,,S42548,Shoes,4.5,,,
FZ8483,Accessories,176,,FZ8483,Accessories,4.8,,,
H00237,Shoes,1095,,H00237,Shoes,4.7,,,
EX4454,Clothing,165,,EX4454,Clothing,4.9,,,
GD1521,Clothing,47,,GD1521,Clothing,4.5,,,
HG6658,Clothing,2,,HG6658,Clothing,5,,,
EX6751,Accessories,59,,EX6751,Accessories,4.8,,,
EY1067,Clothing,5,,EY1067,Clothing,4.2,,,
S42546,Shoes,1030,,S42546,Shoes,4.5,,,
FY2862,Shoes,1030,,FY2862,Shoes,4.5,,,
EY1068,Clothing,5,,EY1068,Clothing,4.2,,,
H05361,Shoes,1095,,H05361,Shoes,4.7,,,
EW9760,Accessories,18,,EW9760,Accessories,5,,,
S42545,Shoes,1030,,S42545,Shoes,4.5,,,
FZ2497,Shoes,1030,,FZ2497,Shoes,4.5,,,
FY8654,Shoes,470,,FY8654,Shoes,4.7,,,
EW9824,Accessories,68,,EW9824,Accessories,4.8,,,
EX7523,Accessories,17,,EX7523,Accessories,4.9,,,
EX6589,Accessories,5,,EX6589,Accessories,4.8,,,
EX6575,Accessories,2,,EX6575,Accessories,5,,,
EX6914,Accessories,64,,EX6914,Accessories,4.8,,,
EX6749,Accessories,59,,EX6749,Accessories,4.8,,,
GZ7767,Shoes,11750,,GZ7767,Shoes,4.7,,,
HF9214,Clothing,2,,HF9214,Clothing,3,,,
EX6915,Accessories,64,,EX6915,Accessories,4.8,,,
GY5460,Shoes,11750,,GY5460,Shoes,4.7,,,
EX6911,Accessories,64,,EX6911,Accessories,4.8,,,
GV7665,Shoes,11750,,GV7665,Shoes,4.7,,,
HG6674,Clothing,1,,HG6674,Clothing,4,,,
H34490,Clothing,1352,,H34490,Clothing,4.7,,,
H34491,Clothing,1352,,H34491,Clothing,4.7,,,
EY0319,Clothing,5,,EY0319,Clothing,4.2,,,
FR1165,Clothing,69,,FR1165,Clothing,4.7,,,
H25392,Clothing,237,,H25392,Clothing,4.8,,,
H28785,Clothing,46,,H28785,Clothing,4.5,,,
H34500,Clothing,350,,H34500,Clothing,4.7,,,
EY1066,Clothing,5,,EY1066,Clothing,4.2,,,
GT5548,Clothing,427,,GT5548,Clothing,4.7,,,
FR1167,Clothing,69,,FR1167,Clothing,4.7,,,
GT5557,Clothing,427,,GT5557,Clothing,4.7,,,
GT5551,Clothing,427,,GT5551,Clothing,4.7,,,
GJ9877,Clothing,215,,GJ9877,Clothing,4.4,,,
GS3911,Clothing,19,,GS3911,Clothing,4.9,,,
H10251,Clothing,8,,H10251,Clothing,4.8,,,
GS3883,Clothing,10,,GS3883,Clothing,4.4,,,
GS3885,Clothing,10,,GS3885,Clothing,4.4,,,
GS3881,Clothing,10,,GS3881,Clothing,4.4,,,
GS1368,Clothing,8,,GS1368,Clothing,4.8,,,
GS1352,Clothing,9,,GS1352,Clothing,4.4,,,
GS3930,Clothing,8,,GS3930,Clothing,4.5,,,
H28790,Clothing,46,,H28790,Clothing,4.5,,,
H10180,Clothing,9,,H10180,Clothing,4.4,,,
FZ2708,Shoes,11750,,FZ2708,Shoes,4.7,,,
GS3921,Clothing,6,,GS3921,Clothing,5,,,
H06746,Clothing,17,,H06746,Clothing,4.8,,,
GS3922,Clothing,6,,GS3922,Clothing,5,,,
H09422,Clothing,307,,H09422,Clothing,4.7,,,
H37790,Clothing,37,,H37790,Clothing,4.9,,,
H11363,Clothing,16,,H11363,Clothing,4.1,,,
GS6302,Clothing,43,,GS6302,Clothing,4.8,,,
H28784,Clothing,46,,H28784,Clothing,4.5,,,
GT9130,Clothing,142,,GT9130,Clothing,4.8,,,
H35596,Accessories,298,,H35596,Accessories,4.8,,,
H22747,Clothing,16,,H22747,Clothing,4.6,,,
H09150,Clothing,104,,H09150,Clothing,4.9,,,
H06656,Clothing,128,,H06656,Clothing,4.5,,,
H20476,Clothing,56,,H20476,Clothing,4.5,,,
H09423,Clothing,307,,H09423,Clothing,4.7,,,
H37793,Clothing,37,,H37793,Clothing,4.9,,,
H37881,Clothing,34,,H37881,Clothing,4.7,,,
H37813,Clothing,23,,H37813,Clothing,4.7,,,
H37812,Clothing,23,,H37812,Clothing,4.7,,,
FX4616,Shoes,111,,FX4616,Shoes,4.7,,,
GS6301,Clothing,43,,GS6301,Clothing,4.8,,,
H37866,Clothing,29,,H37866,Clothing,4.5,,,
HE7156,Clothing,18,,HE7156,Clothing,4.9,,,
H32339,Clothing,22,,H32339,Clothing,4.8,,,
H20422,Clothing,19,,H20422,Clothing,4.8,,,
H13485,Clothing,9,,H13485,Clothing,4.3,,,
H19278,Clothing,9,,H19278,Clothing,5,,,
H25275,Accessories,34,,H25275,Accessories,4.9,,,
H14656,Clothing,29,,H14656,Clothing,4.7,,,
GH6829,Clothing,4,,GH6829,Clothing,4.8,,,
H20405,Clothing,42,,H20405,Clothing,4.9,,,
H13473,Clothing,38,,H13473,Clothing,4.9,,,
H20421,Clothing,19,,H20421,Clothing,4.8,,,
GH6828,Clothing,4,,GH6828,Clothing,4.8,,,
H20301,Clothing,15,,H20301,Clothing,5,,,
H34571,Accessories,15,,H34571,Accessories,4.5,,,
H31271,Clothing,32,,H31271,Clothing,4.8,,,
H34570,Accessories,15,,H34570,Accessories,4.5,,,
GU3637,Clothing,18,,GU3637,Clothing,4.8,,,
GS7215,Clothing,2,,GS7215,Clothing,5,,,
GS7212,Clothing,2,,GS7212,Clothing,5,,,
GU1468,Clothing,4,,GU1468,Clothing,4.8,,,
GS7214,Clothing,2,,GS7214,Clothing,5,,,
H31273,Clothing,32,,H31273,Clothing,4.8,,,
CK1862,Accessories,45,,CK1862,Accessories,4.8,,,
CK1867,Accessories,45,,CK1867,Accessories,4.8,,,
H33542,Clothing,63,,H33542,Clothing,4.7,,,
H09266,Clothing,2,,H09266,Clothing,5,,,
CK1868,Accessories,45,,CK1868,Accessories,4.8,,,
H09144,Clothing,35,,H09144,Clothing,4.9,,,
CK1870,Accessories,45,,CK1870,Accessories,4.8,,,
GT6880,Clothing,74,,GT6880,Clothing,4.6,,,
CK1869,Accessories,45,,CK1869,Accessories,4.8,,,
H03941,Shoes,1841,,H03941,Shoes,4.6,,,
FX6042,Shoes,9636,,FX6042,Shoes,4.7,,,
FX6048,Shoes,9636,,FX6048,Shoes,4.7,,,
G55669,Shoes,1841,,G55669,Shoes,4.6,,,
H03924,Shoes,1841,,H03924,Shoes,4.6,,,
GX5153,Shoes,204,,GX5153,Shoes,4.5,,,
H56733,Clothing,3,,H56733,Clothing,3.7,,,
H35588,Accessories,48,,H35588,Accessories,4.6,,,
GV7377,Shoes,1841,,GV7377,Shoes,4.6,,,
H05680,Shoes,454,,H05680,Shoes,4.7,,,
GY5801,Shoes,2540,,GY5801,Shoes,4.7,,,
H05679,Shoes,454,,H05679,Shoes,4.7,,,
CK1866,Accessories,45,,CK1866,Accessories,4.8,,,
GY5806,Shoes,2540,,GY5806,Shoes,4.7,,,
GZ7924,Shoes,3938,,GZ7924,Shoes,4.6,,,
FX5925,Shoes,454,,FX5925,Shoes,4.7,,,
FX9734,Shoes,204,,FX9734,Shoes,4.5,,,
H36277,Clothing,3,,H36277,Clothing,3.7,,,
GL3856,Clothing,25,,GL3856,Clothing,4,,,
H02029,Shoes,165,,H02029,Shoes,4.8,,,
FX9741,Shoes,125,,FX9741,Shoes,4.5,,,
H06577,Shoes,2540,,H06577,Shoes,4.7,,,
FX7030,Shoes,2540,,FX7030,Shoes,4.7,,,
GY5808,Shoes,2540,,GY5808,Shoes,4.7,,,
GY2630,Shoes,2540,,GY2630,Shoes,4.7,,,
FX4694,Shoes,96,,FX4694,Shoes,4.5,,,
FX7031,Shoes,2540,,FX7031,Shoes,4.7,,,
H01232,Shoes,1599,,H01232,Shoes,4.7,,,
H02682,Shoes,1599,,H02682,Shoes,4.7,,,
FW9310,Shoes,92,,FW9310,Shoes,4.7,,,
H34726,Clothing,94,,H34726,Clothing,4.7,,,
H05681,Shoes,454,,H05681,Shoes,4.7,,,
GZ8856,Shoes,1599,,GZ8856,Shoes,4.7,,,
H00136,Shoes,454,,H00136,Shoes,4.7,,,
H04578,Shoes,843,,H04578,Shoes,4.6,,,
GZ8144,Shoes,454,,GZ8144,Shoes,4.7,,,
FX9742,Shoes,125,,FX9742,Shoes,4.5,,,
GX5143,Shoes,125,,GX5143,Shoes,4.5,,,
GY5807,Shoes,2540,,GY5807,Shoes,4.7,,,
FX4183,Shoes,31,,FX4183,Shoes,4.7,,,
FX5080,Shoes,512,,FX5080,Shoes,4.6,,,
S23674,Shoes,108,,S23674,Shoes,4.5,,,
H00589,Shoes,808,,H00589,Shoes,4.5,,,
FY1119,Shoes,260,,FY1119,Shoes,4.3,,,
FY8169,Shoes,165,,FY8169,Shoes,4.8,,,
FZ2594,Shoes,31,,FZ2594,Shoes,4.7,,,
FZ2592,Shoes,29,,FZ2592,Shoes,4.8,,,
S23672,Shoes,108,,S23672,Shoes,4.5,,,
FX4934,Shoes,25,,FX4934,Shoes,4.9,,,
FW6514,Shoes,214,,FW6514,Shoes,4.5,,,
FX5079,Shoes,512,,FX5079,Shoes,4.6,,,
Q47136,Shoes,85,,Q47136,Shoes,4.8,,,
GZ5256,Shoes,602,,GZ5256,Shoes,4.6,,,
FX1482,Shoes,17,,FX1482,Shoes,4.5,,,
G55781,Shoes,251,,G55781,Shoes,4.1,,,
H05335,Shoes,515,,H05335,Shoes,3.9,,,
H05328,Shoes,515,,H05328,Shoes,3.9,,,
H00416,Shoes,515,,H00416,Shoes,3.9,,,
GZ7985,Shoes,602,,GZ7985,Shoes,4.6,,,
GW8625,Shoes,77,,GW8625,Shoes,4.2,,,
FX6865,Shoes,77,,FX6865,Shoes,4.2,,,
FZ3208,Shoes,181,,FZ3208,Shoes,4.1,,,
H02951,Shoes,314,,H02951,Shoes,4.5,,,
GX6117,Shoes,515,,GX6117,Shoes,3.9,,,
GY0638,Shoes,1866,,GY0638,Shoes,4.8,,,
FY3631,Shoes,515,,FY3631,Shoes,3.9,,,
GZ7017,Shoes,41,,GZ7017,Shoes,4.5,,,
FX5812,Shoes,251,,FX5812,Shoes,4.1,,,
H01851,Shoes,251,,H01851,Shoes,4.1,,,
H01847,Shoes,251,,H01847,Shoes,4.1,,,
GW8622,Shoes,515,,GW8622,Shoes,3.9,,,
H04494,Shoes,350,,H04494,Shoes,4.2,,,
GZ5243,Shoes,18,,GZ5243,Shoes,4.9,,,
H01846,Shoes,251,,H01846,Shoes,4.1,,,
H01782,Shoes,512,,H01782,Shoes,4.6,,,
GV7760,Shoes,684,,GV7760,Shoes,4.7,,,
H68718,Shoes,515,,H68718,Shoes,3.9,,,
G58090,Shoes,684,,G58090,Shoes,4.7,,,
FZ4689,Shoes,512,,FZ4689,Shoes,4.6,,,
G58089,Shoes,684,,G58089,Shoes,4.7,,,
FY1103,Shoes,251,,FY1103,Shoes,4.1,,,
GX6118,Shoes,77,,GX6118,Shoes,4.2,,,
FY0375,Shoes,3900,,FY0375,Shoes,4.6,,,
H05250,Shoes,1866,,H05250,Shoes,4.8,,,
H04318,Shoes,562,,H04318,Shoes,4.5,,,
GZ9172,Shoes,77,,GZ9172,Shoes,4.2,,,
FY1102,Shoes,251,,FY1102,Shoes,4.1,,,
G55780,Shoes,251,,G55780,Shoes,4.1,,,
H04319,Shoes,562,,H04319,Shoes,4.5,,,
H04519,Shoes,540,,H04519,Shoes,4.7,,,
GZ9045,Shoes,1254,,GZ9045,Shoes,4.6,,,
GZ9079,Shoes,515,,GZ9079,Shoes,3.9,,,
GV7671,Shoes,1866,,GV7671,Shoes,4.8,,,
H04306,Shoes,1254,,H04306,Shoes,4.6,,,
FY7717,Shoes,1866,,FY7717,Shoes,4.8,,,
GV7672,Shoes,1866,,GV7672,Shoes,4.8,,,
H03071,Shoes,1254,,H03071,Shoes,4.6,,,
H04305,Shoes,1254,,H04305,Shoes,4.6,,,
FX5570,Shoes,1866,,FX5570,Shoes,4.8,,,
GY5793,Shoes,1866,,GY5793,Shoes,4.8,,,
GZ3704,Shoes,1866,,GZ3704,Shoes,4.8,,,
H04331,Shoes,562,,H04331,Shoes,4.5,,,
H02700,Shoes,470,,H02700,Shoes,4.8,,,
FY0377,Shoes,3900,,FY0377,Shoes,4.6,,,
FY9623,Shoes,540,,FY9623,Shoes,4.7,,,
FY5438,Shoes,1254,,FY5438,Shoes,4.6,,,
H00547,Shoes,452,,H00547,Shoes,4.2,,,
H05645,Shoes,1866,,H05645,Shoes,4.8,,,
GX2537,Shoes,1866,,GX2537,Shoes,4.8,,,
FY0374,Shoes,3900,,FY0374,Shoes,4.6,,,
H05791,Shoes,452,,H05791,Shoes,4.2,,,
GZ5314,Shoes,2005,,GZ5314,Shoes,4.6,,,
GZ7435,Shoes,451,,GZ7435,Shoes,4.6,,,
G58105,Shoes,375,,G58105,Shoes,4.6,,,
H00128,Shoes,1866,,H00128,Shoes,4.8,,,
H00602,Shoes,452,,H00602,Shoes,4.2,,,
GZ7416,Shoes,427,,GZ7416,Shoes,4.6,,,
FY9496,Shoes,427,,FY9496,Shoes,4.6,,,
H00561,Shoes,452,,H00561,Shoes,4.2,,,
FZ3281,Shoes,88,,FZ3281,Shoes,4.3,,,
G58098,Shoes,1518,,G58098,Shoes,4.7,,,
H00548,Shoes,452,,H00548,Shoes,4.2,,,
H03263,Shoes,595,,H03263,Shoes,4.4,,,
GZ7998,Shoes,1702,,GZ7998,Shoes,4.5,,,
GZ7417,Shoes,427,,GZ7417,Shoes,4.6,,,
H04105,Shoes,104,,H04105,Shoes,4.7,,,
GV7369,Shoes,452,,GV7369,Shoes,4.2,,,
FY8315,Shoes,452,,FY8315,Shoes,4.2,,,
H04567,Shoes,94,,H04567,Shoes,4.5,,,
GY7536,Shoes,24,,GY7536,Shoes,4.7,,,
H04563,Shoes,94,,H04563,Shoes,4.5,,,
GZ7418,Shoes,427,,GZ7418,Shoes,4.6,,,
FY5961,Shoes,274,,FY5961,Shoes,4.6,,,
H04537,Shoes,1518,,H04537,Shoes,4.7,,,
H02028,Shoes,38,,H02028,Shoes,4.2,,,
GY7535,Shoes,24,,GY7535,Shoes,4.7,,,
Q46282,Shoes,319,,Q46282,Shoes,4.2,,,
H04540,Shoes,1518,,H04540,Shoes,4.7,,,
S42589,Shoes,37,,S42589,Shoes,4.6,,,
Q46281,Shoes,319,,Q46281,Shoes,4.2,,,
H02027,Shoes,38,,H02027,Shoes,4.2,,,
H02557,Shoes,595,,H02557,Shoes,4.4,,,
H04216,Shoes,318,,H04216,Shoes,4.6,,,
GZ8172,Shoes,595,,GZ8172,Shoes,4.4,,,
FZ1927,Shoes,207,,FZ1927,Shoes,4.5,,,
GZ5346,Shoes,319,,GZ5346,Shoes,4.2,,,
GY2745,Shoes,104,,GY2745,Shoes,4.7,,,
G58068,Shoes,94,,G58068,Shoes,4.5,,,
H05263,Shoes,584,,H05263,Shoes,4.8,,,
H05765,Shoes,377,,H05765,Shoes,4.6,,,
H05264,Shoes,584,,H05264,Shoes,4.8,,,
GX0538,Shoes,223,,GX0538,Shoes,4.5,,,
GZ8193,Shoes,377,,GZ8193,Shoes,4.6,,,
GX0544,Shoes,223,,GX0544,Shoes,4.5,,,
H04566,Shoes,94,,H04566,Shoes,4.5,,,
H04565,Shoes,94,,H04565,Shoes,4.5,,,
H04226,Shoes,318,,H04226,Shoes,4.6,,,
H02025,Shoes,38,,H02025,Shoes,4.2,,,
FY2637,Shoes,80,,FY2637,Shoes,4.8,,,
GY5062,Shoes,80,,GY5062,Shoes,4.8,,,
H00651,Shoes,78,,H00651,Shoes,4.8,,,
H04808,Shoes,395,,H04808,Shoes,4.6,,,
FY2638,Shoes,80,,FY2638,Shoes,4.8,,,
GZ8194,Shoes,377,,GZ8194,Shoes,4.6,,,
G58171,Shoes,79,,G58171,Shoes,4.4,,,
H02816,Shoes,385,,H02816,Shoes,4.5,,,
Q46276,Shoes,17,,Q46276,Shoes,4.7,,,
Q46278,Shoes,17,,Q46278,Shoes,4.7,,,
GZ8191,Shoes,377,,GZ8191,Shoes,4.6,,,
H00496,Shoes,28,,H00496,Shoes,4.6,,,
GZ8206,Shoes,135,,GZ8206,Shoes,4.6,,,
G55776,Shoes,78,,G55776,Shoes,4.8,,,
G58844,Shoes,24,,G58844,Shoes,4.7,,,
H04643,Shoes,44,,H04643,Shoes,4.4,,,
H01461,Shoes,18,,H01461,Shoes,4.7,,,
GZ8183,Shoes,377,,GZ8183,Shoes,4.6,,,
H00460,Shoes,72,,H00460,Shoes,4.5,,,
GY5469,Shoes,44,,GY5469,Shoes,4.4,,,
Q46277,Shoes,17,,Q46277,Shoes,4.7,,,
H00462,Shoes,72,,H00462,Shoes,4.5,,,
H02366,Shoes,14,,H02366,Shoes,4.9,,,
S42627,Shoes,8,,S42627,Shoes,4.6,,,
EW9589,Accessories,55,,EW9589,Accessories,4.7,,,
H00466,Shoes,105,,H00466,Shoes,4.7,,,
GT0133,Clothing,3,,GT0133,Clothing,4.3,,,
GZ7408,Shoes,29,,GZ7408,Shoes,4.8,,,
EX6977,Accessories,33,,EX6977,Accessories,4.9,,,
GS3915,Clothing,4,,GS3915,Clothing,5,,,
EW9771,Accessories,15,,EW9771,Accessories,4.7,,,
H22737,Accessories,1,,H22737,Accessories,5,,,
GV5302,Clothing,89,,GV5302,Clothing,4.8,,,
EW9877,Clothing,18,,EW9877,Clothing,4.7,,,
H13274,Accessories,206,,H13274,Accessories,4.8,,,
H07803,Clothing,29,,H07803,Clothing,4.5,,,
H55477,Clothing,2,,H55477,Clothing,5,,,
Q47217,Shoes,41,,Q47217,Shoes,4.7,,,
GH7271,Accessories,38,,GH7271,Accessories,4.8,,,
GK8732,Clothing,3,,GK8732,Clothing,5,,,
EX3625,Clothing,1,,EX3625,Clothing,5,,,
GU1858,Clothing,15,,GU1858,Clothing,4.7,,,
GP6780,Clothing,112,,GP6780,Clothing,4.6,,,
GU1862,Clothing,1,,GU1862,Clothing,5,,,
FX4190,Shoes,171,,FX4190,Shoes,4.9,,,
FW2735,Shoes,15,,FW2735,Shoes,4.3,,,
HB4778,Clothing,18,,HB4778,Clothing,4.9,,,
GR9653,Clothing,3,,GR9653,Clothing,4.3,,,
HC2917,Clothing,11,,HC2917,Clothing,4,,,
GY4919,Shoes,191,,GY4919,Shoes,4.5,,,
GM1410,Clothing,39,,GM1410,Clothing,4.8,,,
H20304,Clothing,1,,H20304,Clothing,5,,,
H45131,Clothing,9,,H45131,Clothing,4.8,,,
GS4165,Clothing,13,,GS4165,Clothing,4.8,,,
H29894,Clothing,76,,H29894,Clothing,4.6,,,
EW9777,Accessories,120,,EW9777,Accessories,4.8,,,
HG6686,Clothing,1,,HG6686,Clothing,5,,,
HG6681,Clothing,1,,HG6681,Clothing,5,,,
GS3923,Clothing,9,,GS3923,Clothing,4.2,,,
HG6660,Clothing,1,,HG6660,Clothing,5,,,
HG6659,Clothing,1,,HG6659,Clothing,5,,,
HG6650,Clothing,1,,HG6650,Clothing,5,,,
HG6661,Clothing,1,,HG6661,Clothing,5,,,
HG6649,Clothing,1,,HG6649,Clothing,5,,,
GT0188,Clothing,41,,GT0188,Clothing,4.7,,,
GT0184,Clothing,51,,GT0184,Clothing,4.7,,,
GT0185,Clothing,51,,GT0185,Clothing,4.7,,,
GS8612,Clothing,14,,GS8612,Clothing,4.1,,,
HG6680,Clothing,1,,HG6680,Clothing,5,,,
GT0165,Clothing,58,,GT0165,Clothing,4.7,,,
GS8611,Clothing,58,,GS8611,Clothing,4.7,,,
GL4060,Clothing,34,,GL4060,Clothing,4.5,,,
GL4048,Clothing,87,,GL4048,Clothing,4.2,,,
GM2066,Clothing,27,,GM2066,Clothing,4.8,,,
GL4002,Clothing,50,,GL4002,Clothing,4.1,,,
GM2140,Clothing,11,,GM2140,Clothing,4.8,,,
GL4006,Clothing,9,,GL4006,Clothing,4.7,,,
GT0163,Clothing,14,,GT0163,Clothing,4.1,,,
FT9976,Clothing,4,,FT9976,Clothing,4.8,,,
FY5928,Shoes,562,,FY5928,Shoes,4.2,,,
FY5929,Shoes,562,,FY5929,Shoes,4.2,,,
GS6339,Clothing,3,,GS6339,Clothing,4.7,,,
H10198,Clothing,7,,H10198,Clothing,4.6,,,
H07824,Clothing,33,,H07824,Clothing,4.6,,,
FX4197,Shoes,14,,FX4197,Shoes,4.6,,,
HA0130,Clothing,2,,HA0130,Clothing,4,,,
H07819,Clothing,33,,H07819,Clothing,4.6,,,
H22755,Clothing,13,,H22755,Clothing,4.5,,,
H21571,Clothing,2,,H21571,Clothing,4.5,,,
G55557,Shoes,50,,G55557,Shoes,4.5,,,
H31111,Clothing,1,,H31111,Clothing,5,,,
H37830,Clothing,14,,H37830,Clothing,4.6,,,
H37754,Clothing,34,,H37754,Clothing,4.4,,,
GR8267,Clothing,2,,GR8267,Clothing,4,,,
GR8147,Clothing,44,,GR8147,Clothing,4.4,,,
GT0167,Clothing,15,,GT0167,Clothing,4.7,,,
H37827,Clothing,31,,H37827,Clothing,4.4,,,
GS8609,Clothing,12,,GS8609,Clothing,4.8,,,
GS3924,Clothing,9,,GS3924,Clothing,4.2,,,
GS4142,Clothing,10,,GS4142,Clothing,4.4,,,
H24101,Clothing,6,,H24101,Clothing,4.8,,,
EX6840,Accessories,2,,EX6840,Accessories,5,,,
HA7646,Clothing,14,,HA7646,Clothing,4.6,,,
Q47138,Shoes,79,,Q47138,Shoes,4.8,,,
FY6537,Shoes,9,,FY6537,Shoes,5,,,
GZ7457,Shoes,8,,GZ7457,Shoes,4.3,,,
S23977,Shoes,16,,S23977,Shoes,4.8,,,
H37775,Clothing,46,,H37775,Clothing,4.6,,,
GZ8141,Shoes,135,,GZ8141,Shoes,4.7,,,
FY2860,Shoes,151,,FY2860,Shoes,4.3,,,
FY2688,Shoes,13,,FY2688,Shoes,4.5,,,
GZ7874,Shoes,52,,GZ7874,Shoes,4.5,,,
GZ0160,Shoes,16,,GZ0160,Shoes,4.6,,,
H04193,Shoes,42,,H04193,Shoes,4.5,,,
H04267,Shoes,85,,H04267,Shoes,4.7,,,
H02148,Shoes,6,,H02148,Shoes,5,,,
H05280,Shoes,16,,H05280,Shoes,4.6,,,
H02368,Shoes,27,,H02368,Shoes,4.9,,,
FX5981,Shoes,4,,FX5981,Shoes,5,,,
S42626,Shoes,16,,S42626,Shoes,4.4,,,
GZ7456,Shoes,8,,GZ7456,Shoes,4.3,,,
H04324,Shoes,135,,H04324,Shoes,4.7,,,
GZ8689,Shoes,21,,GZ8689,Shoes,4.6,,,
FY4884,Shoes,50,,FY4884,Shoes,4.5,,,
Q47127,Shoes,6,,Q47127,Shoes,5,,,
GZ7875,Shoes,52,,GZ7875,Shoes,4.5,,,
FI5157,Clothing,63,,FI5157,Clothing,4.5,,,
S23683,Shoes,48,,S23683,Shoes,4.3,,,
GI7309,Clothing,4,,GI7309,Clothing,5,,,
HC9929,Clothing,1,,HC9929,Clothing,1,,,
FX4186,Shoes,91,,FX4186,Shoes,4.8,,,
H20306,Clothing,34,,H20306,Clothing,4.8,,,
GT3882,Clothing,7,,GT3882,Clothing,4.4,,,
S29055,Shoes,16,,S29055,Shoes,4.8,,,
GU9689,Clothing,4,,GU9689,Clothing,4,,,
GZ0159,Shoes,191,,GZ0159,Shoes,4.5,,,
GV2052,Clothing,9,,GV2052,Clothing,4.1,,,
S29238,Shoes,5,,S29238,Shoes,4.8,,,
S24022,Shoes,3,,S24022,Shoes,5,,,
G58478,Shoes,69,,G58478,Shoes,3.8,,,
H00458,Shoes,84,,H00458,Shoes,4.6,,,
H05315,Shoes,21,,H05315,Shoes,4.6,,,
H00455,Shoes,84,,H00455,Shoes,4.6,,,
H02321,Shoes,50,,H02321,Shoes,4.5,,,
H00457,Shoes,84,,H00457,Shoes,4.6,,,
H03958,Shoes,87,,H03958,Shoes,5,,,
H00456,Shoes,84,,H00456,Shoes,4.6,,,
H02723,Shoes,3,,H02723,Shoes,4,,,
H00459,Shoes,84,,H00459,Shoes,4.6,,,
H03083,Shoes,6,,H03083,Shoes,4.2,,,
H05653,Shoes,49,,H05653,Shoes,4.3,,,
GX8131,Shoes,57,,GX8131,Shoes,4.6,,,
GW7963,Shoes,57,,GW7963,Shoes,4.6,,,
H51143,Clothing,30,,H51143,Clothing,4.8,,,
H51144,Clothing,30,,H51144,Clothing,4.8,,,
H59062,Clothing,10,,H59062,Clothing,4.6,,,
EX4439,Clothing,233,,EX4439,Clothing,4.8,,,
HB1552,Clothing,26,,HB1552,Clothing,4.8,,,
H00517,Shoes,146,,H00517,Shoes,4.6,,,
H00516,Shoes,146,,H00516,Shoes,4.6,,,
H34546,Clothing,39,,H34546,Clothing,4.8,,,
GU0305,Clothing,70,,GU0305,Clothing,4.6,,,
GT9781,Clothing,30,,GT9781,Clothing,4.8,,,
S23678,Shoes,48,,S23678,Shoes,4.3,,,
H42544,Accessories,7,,H42544,Accessories,4.9,,,
FW6948,Shoes,160,,FW6948,Shoes,4.4,,,
H28793,Clothing,157,,H28793,Clothing,4.8,,,
H14684,Clothing,8,,H14684,Clothing,4.5,,,
FW6945,Shoes,160,,FW6945,Shoes,4.4,,,
GS4150,Clothing,8,,GS4150,Clothing,4.5,,,
GT9515,Clothing,9,,GT9515,Clothing,4.9,,,
H20478,Clothing,52,,H20478,Clothing,4.6,,,
H04513,Shoes,562,,H04513,Shoes,4.2,,,
H04510,Shoes,562,,H04510,Shoes,4.2,,,
FW7518,Shoes,51,,FW7518,Shoes,4.7,,,
GZ7885,Shoes,562,,GZ7885,Shoes,4.2,,,
H04509,Shoes,562,,H04509,Shoes,4.2,,,
H04511,Shoes,562,,H04511,Shoes,4.2,,,
GS6340,Clothing,48,,GS6340,Clothing,4.6,,,
H28787,Clothing,157,,H28787,Clothing,4.8,,,
GQ1082,Clothing,70,,GQ1082,Clothing,4.6,,,
GP8632,Clothing,38,,GP8632,Clothing,4.7,,,
H04508,Shoes,562,,H04508,Shoes,4.2,,,
GZ7884,Shoes,562,,GZ7884,Shoes,4.2,,,
H33690,Clothing,133,,H33690,Clothing,4.7,,,
H34614,Clothing,249,,H34614,Clothing,4.7,,,
H34691,Clothing,39,,H34691,Clothing,4.8,,,
GP2389,Clothing,8,,GP2389,Clothing,5,,,
GL5681,Clothing,72,,GL5681,Clothing,4.9,,,
GM4601,Clothing,4,,GM4601,Clothing,4.8,,,
H22840,Clothing,44,,H22840,Clothing,4.5,,,
H39842,Clothing,60,,H39842,Clothing,4.8,,,
GM4772,Clothing,99,,GM4772,Clothing,4.7,,,
G58804,Shoes,52,,G58804,Shoes,4.8,,,
GR0678,Clothing,5,,GR0678,Clothing,4.4,,,
GI7303,Clothing,32,,GI7303,Clothing,4.8,,,
GR4080,Clothing,58,,GR4080,Clothing,4.8,,,
GT1694,Clothing,4,,GT1694,Clothing,5,,,
H29178,Clothing,45,,H29178,Clothing,4.6,,,
GT9739,Clothing,3,,GT9739,Clothing,4.7,,,
GT1692,Clothing,4,,GT1692,Clothing,5,,,
GT9780,Clothing,60,,GT9780,Clothing,4.8,,,
GZ7927,Shoes,231,,GZ7927,Shoes,4.5,,,
HB1419,Clothing,54,,HB1419,Clothing,4.7,,,
FZ2489,Shoes,13,,FZ2489,Shoes,4.3,,,
GR4259,Clothing,3,,GR4259,Clothing,4.3,,,
H21531,Clothing,58,,H21531,Clothing,4.8,,,
FY4084,Shoes,13,,FY4084,Shoes,4.3,,,
H21533,Clothing,58,,H21533,Clothing,4.8,,,
GT7836,Clothing,20,,GT7836,Clothing,4.5,,,
HB1418,Clothing,54,,HB1418,Clothing,4.7,,,
EX6696,Accessories,126,,EX6696,Accessories,4.8,,,
H45374,Clothing,73,,H45374,Clothing,4.6,,,
H56354,Clothing,73,,H56354,Clothing,4.6,,,
GT4792,Accessories,25,,GT4792,Accessories,4.7,,,
EX6588,Accessories,6,,EX6588,Accessories,4.8,,,
EX4446,Clothing,9,,EX4446,Clothing,4.4,,,
EY0208,Clothing,1,,EY0208,Clothing,5,,,
EX6537,Accessories,51,,EX6537,Accessories,5,,,
EY3692,Accessories,4,,EY3692,Accessories,4.8,,,
EY0004,Clothing,1,,EY0004,Clothing,4,,,
EX6535,Accessories,51,,EX6535,Accessories,5,,,
EX6529,Accessories,51,,EX6529,Accessories,5,,,
EW3431,Accessories,3,,EW3431,Accessories,4.7,,,
EX6528,Accessories,51,,EX6528,Accessories,5,,,
EX6531,Accessories,51,,EX6531,Accessories,5,,,
GZ5350,Shoes,762,,GZ5350,Shoes,4.5,,,
EX6853,Accessories,34,,EX6853,Accessories,4.7,,,
H25047,Clothing,222,,H25047,Clothing,4.8,,,
H25046,Clothing,222,,H25046,Clothing,4.8,,,
GN7927,Clothing,102,,GN7927,Clothing,4.7,,,
H20107,Clothing,667,,H20107,Clothing,4.8,,,
GN7926,Clothing,102,,GN7926,Clothing,4.7,,,
EW4470,Accessories,41,,EW4470,Accessories,4.9,,,
H25050,Clothing,222,,H25050,Clothing,4.8,,,
GV7370,Shoes,762,,GV7370,Shoes,4.5,,,
EX6776,Accessories,2,,EX6776,Accessories,5,,,
EX4818,Accessories,2,,EX4818,Accessories,5,,,
GV7374,Shoes,762,,GV7374,Shoes,4.5,,,
GQ1346,Clothing,222,,GQ1346,Clothing,4.8,,,
EX7146,Accessories,5,,EX7146,Accessories,5,,,
H25045,Clothing,222,,H25045,Clothing,4.8,,,
EY0066,Clothing,4,,EY0066,Clothing,4.8,,,
EX7508,Accessories,2,,EX7508,Accessories,5,,,
EX7025,Accessories,76,,EX7025,Accessories,4.9,,,
FW6968,Shoes,281,,FW6968,Shoes,4.4,,,
H07813,Clothing,29,,H07813,Clothing,4.5,,,
EX4821,Accessories,2,,EX4821,Accessories,5,,,
GS3935,Clothing,15,,GS3935,Clothing,4.6,,,
H14696,Clothing,25,,H14696,Clothing,4.5,,,
H20456,Clothing,17,,H20456,Clothing,4.9,,,
H48154,Clothing,1,,H48154,Clothing,5,,,
H33694,Clothing,28,,H33694,Clothing,4.7,,,
H11395,Clothing,15,,H11395,Clothing,4.7,,,
H32461,Accessories,9,,H32461,Accessories,5,,,
HA5695,Clothing,5,,HA5695,Clothing,4.8,,,
H14695,Clothing,25,,H14695,Clothing,4.5,,,
H20483,Clothing,41,,H20483,Clothing,4.7,,,
H06683,Clothing,12,,H06683,Clothing,4.9,,,
H28794,Clothing,41,,H28794,Clothing,4.9,,,
GS4155,Clothing,25,,GS4155,Clothing,4.5,,,
H20311,Clothing,25,,H20311,Clothing,4.9,,,
H20312,Clothing,64,,H20312,Clothing,4.6,,,
GV5159,Clothing,7,,GV5159,Clothing,4.9,,,
H33677,Clothing,26,,H33677,Clothing,4.9,,,
H13914,Accessories,2,,H13914,Accessories,4.5,,,
H32458,Accessories,7,,H32458,Accessories,4.7,,,
GS4147,Clothing,4,,GS4147,Clothing,4.5,,,
GU6302,Clothing,2,,GU6302,Clothing,5,,,
GN4406,Clothing,13,,GN4406,Clothing,4.8,,,
GH8146,Clothing,98,,GH8146,Clothing,4.7,,,
H32236,Clothing,13,,H32236,Clothing,4.8,,,
H11276,Clothing,13,,H11276,Clothing,4.8,,,
H17923,Clothing,5,,H17923,Clothing,5,,,
H35501,Clothing,23,,H35501,Clothing,4.8,,,
H22628,Clothing,8,,H22628,Clothing,5,,,
S42718,Shoes,151,,S42718,Shoes,4.3,,,
FX1983,Shoes,43,,FX1983,Shoes,4.8,,,
H32424,Accessories,9,,H32424,Accessories,5,,,
FX2247,Shoes,177,,FX2247,Shoes,4.7,,,
GV9935,Shoes,177,,GV9935,Shoes,4.7,,,
FW6935,Shoes,68,,FW6935,Shoes,4.7,,,
S42721,Shoes,151,,S42721,Shoes,4.3,,,
GW4844,Shoes,454,,GW4844,Shoes,4.4,,,
FX2858,Shoes,151,,FX2858,Shoes,4.3,,,
H00667,Shoes,135,,H00667,Shoes,4.7,,,
GZ7705,Shoes,190,,GZ7705,Shoes,4.7,,,
GZ7706,Shoes,190,,GZ7706,Shoes,4.7,,,
FY6503,Shoes,135,,FY6503,Shoes,4.7,,,
